process,n,bt,tat,wt
1,1000000,62500.000000,62500.000000,0.000000
2,800,140625.000000,203125.000000,62500.000000
3,800,0.000000,203125.000000,203125.000000
1,1000,0.000000,0.000000,0.000000
2,800,187500.000000,187500.000000,0.000000
3,800,0.000000,187500.000000,187500.000000
1,1000,0.000000,0.000000,0.000000
2,800,156250.000000,156250.000000,0.000000
3,800,0.000000,156250.000000,156250.000000
