process,n,bt,tat,wt
1,10000,740.582000,13373.226000,12632.644000
2,10,1384.520000,20796.850000,19412.330000
3,1000,1341.813000,20554.677000,19212.8640001,10000,21605.670000,21607.465000,1.795000
2,10,1812.058000,23421.730000,21609.672000
3,1000,3279.397000,26702.658000,23423.261000
